url,nome
https://www.youtube.com/live/vytmBNhc9ig,iss
https://www.youtube.com/live/fO9e9jnhYK8,orbita
https://www.youtube.com/live/xNmvMyDRq0I,barisardo
https://www.youtube.com/live/E6zG5BG3aBY,sestu
https://www.youtube.com/live/MqhdAe4UKDQ,rio1
https://www.youtube.com/live/8nLRIZhq_0Y,rio2
https://www.youtube.com/live/Tp9FLiVAAlM,rio3
https://www.youtube.com/live/QOzC_AbsPlw,spaceambient
https://www.youtube.com/live/6Q7tdD5lJxg,progressivehouse
https://www.youtube.com/live/YKK7qxWQ5d8,rostock
https://www.youtube.com/live/xBOlxwjiQKE,saras
https://www.youtube.com/live/RGQsnowkMFs,trento
